<?xml version="1.0"?>
<pagescount>
	<html_total>14</html_total>
	<html_done>14</html_done>
	<images>73</images>
	<script>6</script>
	<css>3</css>
	<pdf/>
	<documents/>
	<excel/>
	<powerpoint/>
	<flash/>
	<audios/>
	<videos/>
	<xml/>
	<json/>
	<txt/>
	<autocad/>
	<model_3d/>
	<fonts/>
	<scraping_reload>1</scraping_reload>
	<is_pretty_url>false</is_pretty_url>
	<has_trailing_slash>false</has_trailing_slash>
	<is_ebn>false</is_ebn>
	<email>luckyromero@gmail.com</email>
	<theme_name>fdzgyamaj85oxxlr7ga4r387444</theme_name>
	<server_url_front_page>http://www4.waybackmachinedownloader.com/scraping/files/live/skinbyhaxton.com_luckyromero_gmail.com_4t5qd7tlfk/</server_url_front_page>
	<no_www_url>skinbyhaxton.com</no_www_url>
	<hosted_domain/>
	<original_archive_url>https://web.archive.org/web/20250616042129/http://skinbyhaxton.com/</original_archive_url>
	<final_archive_url>https://web.archive.org/web/20250616042129/http://skinbyhaxton.com/</final_archive_url>
	<front_page_code_date>20250616042129</front_page_code_date>
	<total_urls_from_api/>
	<max_reached_live>false</max_reached_live>
	<scrape_other_captures>search_ended</scrape_other_captures>
	<total_size>4004</total_size>
</pagescount>
